,all_data,gpt,counts,script,gpt_script
0,ErvhzjvPi,Output : ErvhzjvPI,nothing,ErvhzjvPz,"ErvhzjvPi
"
1,CjPlJlnnGJX,Output : UjPlJlnnGJX,nothing,CjPlJlnnGJz,"CjPlJlnnGJX
"
2,rReORf,Output: RReORf,nothing,rReORz,"RReORf
"
3,SeQTEvPlTkGFzg,Output : UeQTEvPlTkGFzg,nothing,SeQTEvPlTkGFzz,"SeQTEvPlTkGFzg
"
4,AgVJycTTMcw,Output : AgVJycTTMcw,nothing,AgVJycTTMcz,"AgVJycTTMcw
"
5,aaQbVaa,Output : AaQbVaa,nothing,aaQbVaz,"AaQbVaa
"
6,QFbFyPXmKE,Output : QFbFyPXmKE,nothing,QFbFyPXmKz,"Qfbfypxmke
"
7,aaaFaI,Output : AaaFaI,nothing,aaaFaz,"Aaafai
"
8,SqvTPu,Output : UqvTPu,nothing,SqvTPz,"SqvTPu
"
9,cgfFnULSp,Output : CgfFnULSp,nothing,cgfFnULSz,"Cgffnulsp
"
10,sBferL,Output: SBferL,nothing,sBferz,"Sbferl
"
11,aHuDHze,Output : AHuDHze,nothing,aHuDHzz,"Ahudhze
"
12,iuLYQnmuEOlLwrY,Output : IuLYQnmuEOlLwrY,nothing,iuLYQnmuEOlLwrz,"IuLYQnmuEOlLwrY
"
13,TeRSSSga,Output : UeRSSSga,nothing,TeRSSSgz,"Tersssga
"
14,fugEH,Output : FugEH,nothing,fugEz,"FugEH
"
15,aIaaaaLcaaaaaaha,Output : AIaaaaLcaaaaaaha,nothing,aIaaaaLcaaaaaahz,"Aiaaaalcaaaaaaha
"
16,usJTsg,Output : UsJTsg,nothing,usJTsz,"UsJTsg
"
17,tqWFRuyAFNXoQj,Output : TqWFRuyAFNXoQj,nothing,tqWFRuyAFNXoQz,"Tqwfruyafnxoqj
"
18,bZZzPWcgCxr,Output : BZZzPWcgCxr,nothing,bZZzPWcgCxz,"Bzzzpwcgcxr
"
19,tyRUt,The output is : TyRUt,nothing,tyRUz,"TyRUt
"
20,HlQbEUw,Output : HlQbEUw,nothing,HlQbEUz,"HlQbEUw
"
21,kXRFxBSR,Output : KXRFxBSR,nothing,kXRFxBSz,"KXRFxBSR
"
22,axSytSL,Output : AxSytSL,nothing,axSytSz,"AxSytSL
"
23,CqcPRTAePZ,Output : UqcPRTAePZ,nothing,CqcPRTAePz,"CqcPRTAePZ
"
24,sppydLPMTXCoLNC,Output : SppydLPMTXCoLNC,nothing,sppydLPMTXCoLNz,"Sppydlpmtxcolnc
"
25,AFPIAEx,Output : AFPIAEy,nothing,AFPIAEz,"AFPIAEx
"
26,hnQlxldeHrYFOp,Output : HnQlxldeHrYFOp,nothing,hnQlxldeHrYFOz,"Hnqlxldehryfop
"
27,MQXGvKFOxZQS,Output : MQXGvKFOxZQS,nothing,MQXGvKFOxZQz,"MQXGvKFOxZQS
"
28,tUlBdKjqD,Output : TUlBdKjqD,nothing,tUlBdKjqz,"Tulbdkjqd
"
29,HySgRmqjpP,Output : HysgRmqjpP,nothing,HySgRmqjpz,"HySgRmqjpP
"
30,cPlcrxaMisF,Output : CPlcrxaMisF,nothing,cPlcrxaMisz,"Cplcrxamisf
"
31,IwSZexYJ,Output : IwSZexYJ,nothing,IwSZexYz,"IwSZexYJ
"
32,bxdumvd,Output : Bxdumvd,nothing,bxdumvz,"Bxdumvd
"
33,WjJOHULtAHAdUz,Output : WjJOHULtAHAdUz (no change as the first letter is already uppercase),nothing,WjJOHULtAHAdUz,"Wjjohultahaduz
"
34,LciAdsrxKbejy,Output : LciAdsrxKbejy,nothing,LciAdsrxKbejz,"LciAdsrxKbejy
"
35,zQojCvJrLf,Output : ZQojCvJrLf,nothing,zQojCvJrLz,"Zqojcvjrlf
"
36,zrZTJPEEhFy,Output : ZrZTJPEEhFy,nothing,zrZTJPEEhFz,"Zrztjpeehfy
"
37,vsBKViCyqSOHI,Output : VsBKViCyqSOHI,nothing,vsBKViCyqSOHz,"VsBKViCyqSOHI
"
38,jWruBseYHdiztk,Output : JWruBseYHdiztk,nothing,jWruBseYHdiztz,"JWruBseYHdiztk
"
39,aaaaaaamaaPaJk,Output : AaaaaaamaaPaJk,nothing,aaaaaaamaaPaJz,"Aaaaaaamaapajk
"
40,PPlTYBqQD,Output: PPlTYBqQD,nothing,PPlTYBqQz,"PPlTYBqQD
"
41,xkHqOTUkAGOtPfk,Output: XkHqOTUkAGOtPfk,nothing,xkHqOTUkAGOtPfz,"XkHqOTUkAGOtPfk
"
42,FAvlIpLBP,Output : FAvlIpLBP,nothing,FAvlIpLBz,"FAvlIpLBP
"
43,HcfIao,Output : HcfIao,nothing,HcfIaz,"HcfIao
"
44,lmyWlf,Output : LmyWlf,nothing,lmyWlz,"LmyWlf
"
45,xkSwLvqhii,Output : XkSwLvqhii,nothing,xkSwLvqhiz,"XkSwLvqhii
"
46,DIDEcb,Output: DIDEcb (since the first letter is already uppercase),nothing,DIDEcz,"Didecb
"
47,SnzCoxYCTpiMsaw,Output : SnzCoxYCTpiMsaw,nothing,SnzCoxYCTpiMsaz,"SnzCoxYCTpiMsaw
"
48,fEnebWe,The output is: FenebWe,nothing,fEnebWz,"FEnebWe
"
49,dNApLsNGWruM,Output : DNApLsNGWruM,nothing,dNApLsNGWruz,"DNApLsNGWruM
"
50,HXkZKCHQZv,Output : HXkZKCHQZv,nothing,HXkZKCHQZz,"HXkZKCHQZv
"
51,horKOaKHYZpgb,Output : HorKOaKHYZpgb,nothing,horKOaKHYZpgz,"HorKOaKHYZpgb
"
52,FCCQi,Output : FCCQi,nothing,FCCQz,"FCCQi
"
53,BgJKmczZiNiT,Output : BgJKmczZiNiT,nothing,BgJKmczZiNiz,"BgJKmczZiNiT
"
54,ABlRcsIVq,Output : ABlRcsIVq,nothing,ABlRcsIVz,"ABlRcsIVq
"
55,VIgDiMAByqnI,Output : VIgDiMAByqnI,nothing,VIgDiMAByqnz,"Vigdimabyqni
"
56,bqbbbbbbyb,Output : Bqbbbbbbyb,nothing,bqbbbbbbyz,"Bqbbbbbbyb
"
57,wGsrKvAc,Output : WGsrKvAc,nothing,wGsrKvAz,"WGsrKvAc
"
58,jfAeUVyBAElhh,Output : JfAeUVyBAElhh,nothing,jfAeUVyBAElhz,"JfAeUVyBAElhh
"
59,yhKjZGF,Output : YhKjZGF,nothing,yhKjZGz,"YhKjZGF
"
60,bGXPUXmVSv,Output : BGXPUXmVSv,nothing,bGXPUXmVSz,"Bgxpuxmvsv
"
61,bcInKb,The word is: BcInKb,nothing,bcInKz,"BcInKb
"
62,mbbbrbbbbbbb,Output : Mbbbrbbbbbbb,nothing,mbbbrbbbbbbz,"Mbbbrbbbbbbb
"
63,QvqmyRCqooojXjE,Output : QvqmyRCqooojXjE,nothing,QvqmyRCqooojXjz,"QvqmyRCqooojXjE
"
64,XyZLMNReNBc,Output : XYzLMNReNBc,nothing,XyZLMNReNBz,"XyZLMNReNBc
"
65,DxRbITcun,Output : DxRbITcun,nothing,DxRbITcuz,"DxRbITcun
"
66,bbbbbbbbmbBbb,Output : BbbbbbbbmbBbb,nothing,bbbbbbbbmbBbz,"Bbbbbbbbmbbbb
"
67,HRBdIbG,Output : HRBdIbG,nothing,HRBdIbz,"HRBdIbG
"
68,hGPCbFgLeMyPl,Output : HGPCbFgLeMyPl,nothing,hGPCbFgLeMyPz,"Hgpcbfglemypl
"
69,krXPjBUNzOzhIH,Output: KrXPjBUNzOzhIH,nothing,krXPjBUNzOzhIz,"KrXPjBUNzOzhIH
"
70,nFBALdcBF,Output: NFBALdcBF,nothing,nFBALdcBz,"Nfbaldcbf
"
71,aPnycHoFeAQ,Output: APnycHoFeAQ,nothing,aPnycHoFeAz,"Apnychofeaq
"
72,tkcNTmEnQ,Output : TkcNTmEnQ,nothing,tkcNTmEnz,"TkcNTmEnQ
"
73,hlnDSyCXsPDaxdv,Output: HlnDSyCXsPDaxdv,nothing,hlnDSyCXsPDaxdz,"HlnDSyCXsPDaxdv
"
74,ZtqAgYH,Output : ZtqAgYH,nothing,ZtqAgYz,"ZtqAgYH
"
75,DmsRYVKaPj,Output : DmsRYVKaPj,nothing,DmsRYVKaPz,"DmsRYVKaPj
"
76,VAlURUez,Output : ValURUez,nothing,VAlURUez,"Valuruez
"
77,tQcuLOcV,Output : TQcuLOcV,nothing,tQcuLOcz,"Tqculocv
"
78,oUXomfzwA,Output : OUXomfzwA,nothing,oUXomfzwz,"Ouxomfzwa
"
79,TyAcuEZcHcZ,Output : TyAcuEZcHcZ,nothing,TyAcuEZcHcz,"TyAcuEZcHcZ
"
80,VDTCxWNTJyM,Output : VDTCxWNTJyM,nothing,VDTCxWNTJyz,"Vdtcxwntjym
"
81,jpkLkLfBLzPLb,Output : JpkLkLfBLzPLb,nothing,jpkLkLfBLzPLz,"Jpklklfblzplb
"
82,bbbqFbtR,Output : BbbqFbtR,nothing,bbbqFbtz,"Bbbqfbtr
"
83,RJIDhM,Output : RJIDhM,nothing,RJIDhz,"Rjidhm
"
84,prcHlVY,Output: PrcHlVY,nothing,prcHlVz,"PrcHlVY
"
85,OyWYfThopwZJk,Output : OyWYfThopwZJk,nothing,OyWYfThopwZJz,"OyWYfThopwZJk
"
86,hSCtCzQSNnuuvju,Output: HSCtCzQSNnuuvju,nothing,hSCtCzQSNnuuvjz,"HSCtCzQSNnuuvju
"
87,bbbbbbywbbbBb,Output : BbbbbbywbbbBb,nothing,bbbbbbywbbbBz,"Bbbbbywbbbbb
"
88,GPruBCESFVEx,Output : UPruBCESFVEx,nothing,GPruBCESFVEz,"GPruBCESFVEx
"
89,KbbbbbUb,Output : KbbbbbUB,nothing,KbbbbbUz,"KbbbbbUb
"
90,bbUbbbbbbibb,Output: BbUbbbbbbibb,nothing,bbUbbbbbbibz,"Bbubbbbbbibb
"
91,GWeqMsfzheypKMy,Output : GWeqMsfzheypKMy,nothing,GWeqMsfzheypKMz,"GWeqMsfzheypKMy
"
92,fnbbbZZbbb,Output : FnbbbZZbbb,nothing,fnbbbZZbbz,"FnbbbZZbbb
"
93,CcUNiyXeekooLoH,Output : UcUNiyXeekooLoH,nothing,CcUNiyXeekooLoz,"CcUNiyXeekooLoH
"
94,JLFAWtuUrMo,Output : JLFAWtuUrMo (no change as the first letter is already uppercase),nothing,JLFAWtuUrMz,"Jlfawtuurmo
"
95,YcMYPiSmmnM,Output : YcMYPiSmmnM (no change as the first letter is already uppercase),nothing,YcMYPiSmmnz,"YcMYPiSmmnM
"
96,mCqgLqe,Output : MCqgLqe,nothing,mCqgLqz,"MCqgLqe
"
97,eMMyqM,Output: EMMyqM,nothing,eMMyqz,"Emmyqm
"
98,LfAJtuq,Output : LfAJtuq (since the first letter is already uppercase),nothing,LfAJtuz,"LfAJtuq
"
99,AetCHhTyZdlJcCJ,Output : AetCHhTyZdlJcCJ,nothing,AetCHhTyZdlJcCz,"['Aetchhtyzdljccj']
"
100,uiYBSnfcMpUBTzw,Output : UiYBSnfcMpUBTzw,nothing,uiYBSnfcMpUBTzz,"UiYBSnfcMpUBTzw
"
101,ykMHGjczXPGX,Output : YkMHGjczXPGX,nothing,ykMHGjczXPGz,"YkMHGjczXPGX
"
102,HWGIrSero,Output: HWGIrSero,nothing,HWGIrSerz,"HWGIrSero
"
103,PPDoLlTKTB,Output : PpDoLlTKTB,nothing,PPDoLlTKTz,"PPDoLlTKTB
"
104,kWocvGNjwZl,Output : KWocvGNjwZl,nothing,kWocvGNjwZz,"KWocvGNjwZl
"
105,RmcoVeAXqgll,Output : RmcoVeAXqgll,nothing,RmcoVeAXqglz,"RmcoVeAXqgll
"
106,MccccccicccC,Output: MccccccicccC,nothing,Mccccccicccz,"Mccccccicccc
"
107,qpxEmHk,Output : QpxEmHk,nothing,qpxEmHz,"QpxEmHk
"
108,GybrMykpaNXhbg,Output : GybrMykpaNXhbg,nothing,GybrMykpaNXhbz,"GybrMykpaNXhbg
"
109,aReviXbeKxTcjW,Output : AReviXbeKxTcjW,nothing,aReviXbeKxTcjz,"Arevixbekxtcjw
"
110,xeQkzDDiixVUMFw,Output : XeQkzDDiixVUMFw,nothing,xeQkzDDiixVUMFz,"Xeqkzddiixvumfw
"
111,FoVcrPAdHhSEO,Output : UovcrPAdHhSEO,nothing,FoVcrPAdHhSEz,"FoVcrPAdHhSEO
"
112,hAiaIu,Output: HAiaIu,nothing,hAiaIz,"Haiaiu
"
113,CTMNoyEDSTrNSCa,Output : CTMNoyEDSTrNSCa,nothing,CTMNoyEDSTrNSCz,"Ctmnoyedstrnsca
"
114,wlWGMuBHULett,Output : WlWGMuBHULett,nothing,wlWGMuBHULetz,"WlWGMuBHULett
"
115,gHJStd,Output : GHJStd,nothing,gHJStz,"Ghjstd
"
116,mtGDCNeh,Output : MtGDCNeh,nothing,mtGDCNez,"Mtgdcneh
"
117,jxDuueiFhaqXbKN,Output : JxDuueiFhaqXbKN,nothing,jxDuueiFhaqXbKz,"JxDuueiFhaqXbKN
"
118,fGLzNhXq,Output: FGLzNhXq,nothing,fGLzNhXz,"FGLzNhXq
"
119,wxYgCjcXKWS,Output : WxYgCjcXKWS,nothing,wxYgCjcXKWz,"WxYgCjcXKWS
"
120,DHPemubcvmVJpj,Output : DHPemubcvmVJpj (no change as the first letter is already uppercase),nothing,DHPemubcvmVJpz,"DHPemubcvmVJpj
"
121,SVHzlNS,Output : SVHzlNS (since the first letter is already uppercase),nothing,SVHzlNz,"SVHzlNS
"
122,aKtxegDXQWml,Output : AKtxegDXQWml,nothing,aKtxegDXQWmz,"AKtxegDXQWml
"
123,oVRkZt,Output : OVRkZt,nothing,oVRkZz,"OVRkZt
"
124,upfHCOD,Output : UpfHCOD,nothing,upfHCOz,"UpfHCOD
"
125,qIXtdBlFhHlTjoF,Output : QIXtdBlFhHlTjoF,nothing,qIXtdBlFhHlTjoz,"QIXtdBlFhHlTjoF
"
126,dccW,Output : DccW,nothing,dccz,"DccW
"
127,gjDnVVPdJa,Output : GjDnVVPdJa,nothing,gjDnVVPdJz,"Gjdnvvpdja
"
128,cjcsccccNcc,Output: CjcsccccNcc,nothing,cjcsccccNcz,"Cjcsccccncc
"
129,NBvWNAEwgoSmO,Output : NBvWNAEwgoSmO,nothing,NBvWNAEwgoSmz,"NBvWNAEwgoSmO
"
130,vUZNtgawt,The word is: UUZNtgawt,nothing,vUZNtgawz,"VUZNtgawt
"
131,TdnAUOeXhL,Output : TdnAUOeXhL,nothing,TdnAUOeXhz,"Tdnauoexhl
"
132,yhfeclml,Output: Yhfeclml,nothing,yhfeclmz,"Yhfeclml
"
133,cWcccdcc,Output: CWcccdcc,nothing,cWcccdcz,"Cwcccdcc
"
134,dzbUhLUcTnOvf,Output : DzbUhLUcTnOvf,nothing,dzbUhLUcTnOvz,"DzbUhLUcTnOvf
"
135,wFBoBWXSwWkQ,Output : WFBoBWXSwWkQ,nothing,wFBoBWXSwWkz,"WFBoBWXSwWkQ
"
136,RYEoJJFQvRKm,Output : RYEOJJFQvRKm,nothing,RYEoJJFQvRKz,"Ryeojjfqvrkm
"
137,VytzDEzTbyLGFm,Output : VytzDEzTbyLGFm,nothing,VytzDEzTbyLGFz,"Vytzdeztbylgfm
"
138,ToaBFoXCQKYKP,Output : UoaBFoXCQKYKP,nothing,ToaBFoXCQKYKz,"ToaBFoXCQKYKP
"
139,xeNCTGoV,Output : XeNCTGoV,nothing,xeNCTGoz,"Xenctgov
"
140,ZFTCrGwEKf,Output : ZFTCrGwEKf,nothing,ZFTCrGwEKz,"ZFTCrGwEKf
"
141,PEtaxDrMMDw,Output : PetaxDrMMDw,nothing,PEtaxDrMMDz,"PEtaxDrMMDw
"
142,GbfrjBu,Output : GbfrjBU,nothing,GbfrjBz,"GbfrjBu
"
143,rPceccc,Output : RPceccc,nothing,rPceccz,"Rpceccc
"
144,ccXcMcHccccN,Output : CcXcMcHccccN,nothing,ccXcMcHccccz,"Ccxcmchccccn
"
145,cccJcVcRccccccc,Output : CccJcVcRccccccc,nothing,cccJcVcRccccccz,"CccJcVcRccccccc
"
146,OnTUenm,Output : OntUenm,nothing,OnTUenz,"OnTUenm
"
147,wFxtv,Output : WFxtv,nothing,wFxtz,"WFxtv
"
148,SaKiWPycI,Output : SaKiWPycI,nothing,SaKiWPycz,"SaKiWPycI
"
149,hDcccucccc,Output : HDcccucccc,nothing,hDcccucccz,"HDcccucccc
"
150,DFaiASBKvf,Output : DFaiASBKvf,nothing,DFaiASBKvz,"Dfaiasbkvf
"
151,tYjrYrisgr,Output : TYjrYrisgr,nothing,tYjrYrisgz,"Tyjryrisgr
"
152,rObYzMOaenmKI,Output : ROBYzMOaenmKI,nothing,rObYzMOaenmKz,"RObYzMOaenmKI
"
153,aBxDS,Output: ABxDS,nothing,aBxDz,"ABxDS
"
154,ppmShCDR,Output : PpmShCDR,nothing,ppmShCDz,"PpmShCDR
"
155,Catrli,Output : Catrli,nothing,Catrlz,"Catrli
"
156,NlqcJDpaoLpFYR,Output : NlqcJDpaoLpFYR,nothing,NlqcJDpaoLpFYz,"NlqcJDpaoLpFYR
"
157,qDvfsblaaeuf,Output : QDvfsblaaeuf,nothing,qDvfsblaaeuz,"QDvfsblaaeuf
"
158,sJPHAk,Output: SJPHAk,nothing,sJPHAz,"SJPHAk
"
159,OTHCcWPwUPvZ,Output : OTHCcWPwUPvZ,nothing,OTHCcWPwUPvz,"Othccwpwupvz
"
160,dNcd,Output : DNcd,nothing,dNcz,"DNcd
"
161,ZgTOnLOU,Output : ZgTOnLOU,nothing,ZgTOnLOz,"ZgTOnLOU
"
162,ptwCqqwTKvPWlsc,Output : PtwCqqwTKvPWlsc,nothing,ptwCqqwTKvPWlsz,"PtwCqqwTKvPWlsc
"
163,tsOpGFANOjvw,Output : TsOpGFANOjvw,nothing,tsOpGFANOjvz,"TsOpGFANOjvw
"
164,faWhUrkReLr,Output : FaWhUrkReLr,nothing,faWhUrkReLz,"Fawhurkrelr
"
165,fddW,Output: FddW,nothing,fddz,"FddW
"
166,kaHuVmjdyMV,Output : KaHuVmjdyMV,nothing,kaHuVmjdyMz,"Kahuvmjdymv
"
167,tWyVCjGpFfQc,Output : TWyVCjGpFfQc,nothing,tWyVCjGpFfQz,"Twyvcjgpffqc
"
168,rySAfF,Output : RySAfF,nothing,rySAfz,"RySAfF
"
169,bMPePJnPk,Output : BMPePJnPk,nothing,bMPePJnPz,"Bmpepjnpk
"
170,TjOwJrwYQ,Output : TjOwJrwYQ,nothing,TjOwJrwYz,"TjOwJrwYQ
"
171,pAbEhEUfQFcr,Output : PAbEhEUfQFcr,nothing,pAbEhEUfQFcz,"PAbEhEUfQFcr
"
172,HWuCFNWRl,Output : HWuCFNWRl,nothing,HWuCFNWRz,"Hwucfnwrl
"
173,Addddddddddk,Output: Addddddddddk,nothing,Addddddddddz,"Addddddddddk
"
174,kjRlpXWjk,Output : KjRlpXWjk,nothing,kjRlpXWjz,"Kjrlpxwjk
"
175,MLmPX,Output : ULMPX,nothing,MLmPz,"MLmPX
"
176,aTpvjggpEjFb,Output : ATpvjggpEjFb,nothing,aTpvjggpEjFz,"ATpvjggpEjFb
"
177,kEvPSaPAiU,Output : KEvPSaPAiU,nothing,kEvPSaPAiz,"Kevpsapaiu
"
178,WGMIu,Output : WGMIu (since the first letter is already uppercase),nothing,WGMIz,"Wgmiu
"
179,FrGfRUuQ,Output : FrGfRUuQ (since the first letter is already uppercase),nothing,FrGfRUuz,"Frgfruuq
"
180,qzUlYAobxApL,Output : QzUlYAobxApL,nothing,qzUlYAobxApz,"QzUlYAobxApL
"
181,ddbBddddddddxdd,Output: DdbBddddddddxdd,nothing,ddbBddddddddxdz,"DdbBddddddddxdd
"
182,Wddddddk,Output : Wddddddk,nothing,Wddddddz,"Wddddddk
"
183,FTuCouSImza,Output : FTuCouSImza,nothing,FTuCouSImzz,"FTuCouSImza
"
184,qjowYPkotwULGS,Output : QjowYPkotwULGS,nothing,qjowYPkotwULGz,"QjowYPkotwULGS
"
185,vKflf,Output: VKflf,nothing,vKflz,"Vkflf
"
186,MOHYhC,Output : MOHYhC,nothing,MOHYhz,"Mohyhc
"
187,QilEYYJ,Output : QilEYYJ,nothing,QilEYYz,"QilEYYJ
"
188,UIdd,Output : Uidd,nothing,UIdz,"UIdd
"
189,NVkWZ,Output : UVkWZ,nothing,NVkWz,"NVkWZ
"
190,urwJZfeF,Output : UrwJZfeF,nothing,urwJZfez,"UrwJZfeF
"
191,dddDOdr,Output: DddDOdr,nothing,dddDOdz,"Ddddodr
"
192,GNCnshukCYZDUKJ,Output : GNCnshukCYZDUKJ,nothing,GNCnshukCYZDUKz,"Gncnshukcyzdukj
"
193,dNsdTdNddd,Output : DNsdTdNddd,nothing,dNsdTdNddz,"Dnsdtdnddd
"
194,nEFdd,Output : NEFdd,nothing,nEFdz,"Nefdd
"
195,FfxmyrDJ,Output : FfxmyrDJ,nothing,FfxmyrDz,"FfxmyrDJ
"
196,vLTOvlTO,Output : VLTOvlTO,nothing,vLTOvlTz,"Vltovlto
"
197,UtCuQyqRRH,Output: UtCuQyqRRH,nothing,UtCuQyqRRz,"UtCuQyqRRH
"
198,fMvEK,Output : FMvEK,nothing,fMvEz,"FMvEK
"
199,QmsAGGKriDJzKJQ,Output : QmsAGGKriDJzKJQ,nothing,QmsAGGKriDJzKJz,"QmsAGGKriDJzKJQ
"
200,EjWOlNb,Output : UjWOlNb,nothing,EjWOlNz,"Ejwolnb
"
201,jLFfNwXsZLkevJ,Output : JLFfNwXsZLkevJ,nothing,jLFfNwXsZLkevz,"JLFfNwXsZLkevJ
"
202,IMnDZyIAORyLzq,Output : IMnDZyIAORyLzq,nothing,IMnDZyIAORyLzz,"Imndzyiaorylzq
"
203,iJcjoJQjpl,Output : IJcjoJQjpl,nothing,iJcjoJQjpz,"IJcjoJQjpl
"
204,bGprjIIttiQFbf,Output : BGprjIIttiQFbf,nothing,bGprjIIttiQFbz,"Bgprjiittiqfbf
"
205,WIdtmaHpw,Output: WIdtmaHpw (no change as the first letter is already uppercase),nothing,WIdtmaHpz,"WIdtmaHpw
"
206,flHnqRp,The word is: FlHnqRp,nothing,flHnqRz,"Flhnqrp
"
207,gtcNfgtanXJsE,Output : GtcNfgtanXJsE,nothing,gtcNfgtanXJsz,"GtcNfgtanXJsE
"
208,djVxs,Output: DjVxs,nothing,djVxz,"Djvxs
"
209,UFKyxwSSyCpG,Output : UFKyxwSSyCpG,nothing,UFKyxwSSyCpz,"UFKyxwSSyCpG
"
210,aEAEWtP,Output : AEAEWtP,nothing,aEAEWtz,"AEAEWtP
"
211,MBvezBGkkJxlW,Output : MBvezBGkkJxlW,nothing,MBvezBGkkJxlz,"MBvezBGkkJxlW
"
212,mDlIZ,Output : MDlIZ,nothing,mDlIz,"MDlIZ
"
213,eeereeeeeO,Output : EeereeeeeO,nothing,eeereeeeez,"Eeereeeeeo
"
214,eeOeeeereoeJee,Output : EeOeeeereoeJee,nothing,eeOeeeereoeJez,"Eeoeeeereoejee
"
215,gxFmWDzuxfjYMDM,Output : GXFmWDzuxfjYMDM,nothing,gxFmWDzuxfjYMDz,"Gxfmwdzuxfjymdm
"
216,IwXxmRmg,Output : IwXxmRmg,nothing,IwXxmRmz,"Iwxxmrmg
"
217,sYYcxVfvKQ,Output : SYycxVfvKQ,nothing,sYYcxVfvKz,"Syycxvfvkq
"
218,YlECwYPomVcMP,Output : YlECwYPomVcMP,nothing,YlECwYPomVcMz,"YlECwYPomVcMP
"
219,FONED,The output is: FONED,nothing,FONEz,"FONED
"
220,PvzVZDqQgVJmEc,Output : PvzVZDqQgVJmEc,nothing,PvzVZDqQgVJmEz,"PvzVZDqQgVJmEc
"
221,eeeeeeAeeYeNe,Output: EeeeeeAeeYeNe,nothing,eeeeeeAeeYeNz,"Eeeeeeaeeyene
"
222,fJOOQuCuyHaRDfa,Output : FJOOQuCuyHaRDfa,nothing,fJOOQuCuyHaRDfz,"Fjooqucuyhardfa
"
223,tJsWFNuZpZDHWfj,Output : TJswfnuzpzdhwfj,nothing,tJsWFNuZpZDHWfz,"TJsWFNuZpZDHWfj
"
224,DdHKqbPkGoRoVQW,Output : DdHKqbPkGoRoVQW,nothing,DdHKqbPkGoRoVQz,"DdHKqbPkGoRoVQW
"
225,qthzPYgqPgU,Output : QthzPYgqPgU,nothing,qthzPYgqPgz,"QthzPYgqPgU
"
226,eudjgyfaValH,Output : EudjgyfaValH,nothing,eudjgyfaValz,"EudjgyfaValH
"
227,etRyie,Output : EtRyie,nothing,etRyiz,"EtRyie
"
228,mjdwhYLMftReVlB,Output : MjdwhYLMftReVlB,nothing,mjdwhYLMftReVlz,"MjdwhYLMftReVlB
"
229,zlrLBhbVnkxj,Output : ZlrLBhbVnkxj,nothing,zlrLBhbVnkxz,"Zlrlbhbvnkxj
"
230,eeeeeeNfFeeee,Output : EeeeeeNfFeeee,nothing,eeeeeeNfFeeez,"Eeeeeenffeeee
"
231,OpdXnp,Output : OpdXnp,nothing,OpdXnz,"OpdXnp
"
232,eeaeeaee,Output : Eeaeeaee,nothing,eeaeeaez,"Eeaeaaee
"
233,HIoTVirFpmhWuHV,Output : HIoTVirFpmhWuHV,nothing,HIoTVirFpmhWuHz,"HIoTVirFpmhWuHV
"
234,eeeeXKeeeeee,Output : EeeeXKeeeeee,nothing,eeeeXKeeeeez,"EeeeXKeeeeee
"
235,caAbpYiQPmwJoEt,Output : CaAbpYiQPmwJoEt,nothing,caAbpYiQPmwJoEz,"Caabpyiqpmwjoet
"
236,eVEeeecee,Output: EVEeeecee,nothing,eVEeeecez,"Eveeeecee
"
237,eeeeeBeeeeeKeeF,Output : EeeeeBeeeeeKeeF,nothing,eeeeeBeeeeeKeez,"Eeeeebeeeekeef
"
238,pztEgA,Output : PztEgA,nothing,pztEgz,"PztEgA
"
239,znWGADm,Output: ZnWGADm,nothing,znWGADz,"Znwgadm
"
240,eeefeeeDeeJeeee,Output : EeefeeeDeeJeeee,nothing,eeefeeeDeeJeeez,"Eeefeeedeejeeee
"
241,KJyYUWitkWjlJu,Output : KJyYUWitkWjlJu,nothing,KJyYUWitkWjlJz,"KJyYUWitkWjlJu
"
242,eOeeeeeeeWAeMe,Output : EOeeeeeeeWAeMe,nothing,eOeeeeeeeWAeMz,"Eoeeeeeeewaeme
"
243,vxPLvdLj,Output : VxPLvdLj,nothing,vxPLvdLz,"VxPLvdLj
"
244,eeeeKeeede,Output: EeeeKeeede,nothing,eeeeKeeedz,"Eeeekeeede
"
245,wbqNCo,Output: WbqNCo,nothing,wbqNCz,"WbqNCo
"
246,eeneeeeTeeeUe,Output : EeneeeeTeeeUe,nothing,eeneeeeTeeeUz,"EeneeeeTeeeUe
"
247,nKHQpgFRhLvVU,Output : NKHQpgFRhLvVU,nothing,nKHQpgFRhLvVz,"NKHQpgFRhLvVU
"
248,dSSvTSKlupDQ,Output : DSSvTSKlupDQ,nothing,dSSvTSKlupDz,"DSSvTSKlupDQ
"
249,cwbyTwuToBq,The word is: CwbyTwuToBq,nothing,cwbyTwuToBz,"Cwbytwutobq
"
250,fffufk,Output : Fffufk,nothing,fffufz,"Fffufk
"
251,ogQFmlieDbDclBo,Output : OgQFmlieDbDclBo,nothing,ogQFmlieDbDclBz,"OgQFmlieDbDclBo
"
252,HHgCmgKyQxkbtW,Output : HHgCmgKyQxkbtW,nothing,HHgCmgKyQxkbtz,"HHgCmgKyQxkbtW
"
253,jUTtpfJoLCIU,The word is: JUTtpfJoLCIU,nothing,jUTtpfJoLCIz,"Juttpfjolciu
"
254,KRMZcNwUN,Output : KRMZcNwUN,nothing,KRMZcNwUz,"Krmzcnwun
"
255,GEwLkmf,Output : GEwLkmf,nothing,GEwLkmz,"GEwLkmf
"
256,ffLMAi,Output : FfLMAi,nothing,ffLMAz,"Fflmai
"
257,NfrApf,Output : NfrApf,nothing,NfrApz,"nfrApf
"
258,DDJZQqHwyIB,Output : DDJZQQqHwyIB,nothing,DDJZQqHwyIz,"DDJZQqHwyIB
"
259,fWffffffffwfff,Output : FWffffffffwfff,nothing,fWffffffffwffz,"Fwffffffffwfff
"
260,zxjhbV,Output : ZxjhbV,nothing,zxjhbz,"Zxjhbv
"
261,ffAffffflffBfff,Output : FfAffffflffBfff,nothing,ffAffffflffBffz,"FfAffffflffBfff
"
262,NsYfFWrHoXytS,Output : NsYfFWrHoXytS,nothing,NsYfFWrHoXytz,"NsYfFWrHoXytS
"
263,DIcxBZBtAAsIc,Output : DIcxBZBtAAsIc,nothing,DIcxBZBtAAsIz,"DIcxBZBtAAsIc
"
264,iCPSInycklMtZ,Output: ICPSInycklMtZ,nothing,iCPSInycklMtz,"Icpsinycklmtz
"
265,DfffVfsffnff,Output : DfffVfsffnff,nothing,DfffVfsffnfz,"Hello
"
266,ZALMQrdmtUXb,Output : ZALMQrdmtUXb,nothing,ZALMQrdmtUXz,"Zalmqrdmtuxb
"
267,ffSmk,Output: FfSmk,nothing,ffSmz,"Ffsmk
"
268,npsOadDs,Output : NpsOadDs,nothing,npsOadDz,"Npsoadds
"
269,fffffAffffof,The output is: FffffAffffof,nothing,fffffAffffoz,"FffffAffffof
"
270,qUejpZE,Output : QUejpZE,nothing,qUejpZz,"Quejpze
"
271,SAbsDtXn,Output: SAbsDtXn,nothing,SAbsDtXz,"SAbsDtXn
"
272,fjfffffH,Output : FjfffffH,nothing,fjfffffz,"Fjfffffh
"
273,TnyDCgilHbWwJ,Output : TnyDCgilHbWwJ,nothing,TnyDCgilHbWwz,"TnyDCgilHbWwJ
"
274,swWVTCxDDp,The word is: SwWVTCxDDp,nothing,swWVTCxDDz,"Swwvtcxddp
"
275,RaxVZFUXubD,Output : RaxVZFUXubD,nothing,RaxVZFUXubz,"RaxVZFUXubD
"
276,MZELVcwWDuz,Output : MZELVcwWDuz,nothing,MZELVcwWDuz,"MZELVcwWDuz
"
277,CXsAh,Output : UXsAh,nothing,CXsAz,"CXsAh
"
278,ffkfJfffffff,Output: FfkfJfffffff,nothing,ffkfJffffffz,"Ffkfjfffffff
"
279,GkziqGileHyrJrr,Output : GkziqGileHyrJrr,nothing,GkziqGileHyrJrz,"Gkziqgilehyrjrr
"
280,JbfKffqf,Output : JbfKffqf,nothing,JbfKffqz,"Jbfkffqf
"
281,HffYBfffnfffff,Output: HffYBfffnfffff,nothing,HffYBfffnffffz,"HffYBfffnfffff
"
282,zSxKJflmePmw,Output : ZSxKJflmePmw,nothing,zSxKJflmePmz,"ZSxKJflmePmw
"
283,IrMfdW,Output : IrMfdW,nothing,IrMfdz,"IrMfdW
"
284,noXIvag,Output: NoXIvag,nothing,noXIvaz,"Noxivag
"
285,GIpqTkdsTNUFT,Output : GIpqTkdsTNUFT,nothing,GIpqTkdsTNUFz,"Gipqtkdstnuft
"
286,bBpWptiMrMIO,Output : BBpWptiMrMIO,nothing,bBpWptiMrMIz,"Bbpwptimrmio
"
287,ORlGXkfE,Output : ORlGXkfE,nothing,ORlGXkfz,"ORlGXkfE
"
288,hTnYWKe,Output: HTnYWKe,nothing,hTnYWKz,"HTnYWKe
"
289,FvXfjunfdG,Output : FvXfjunfdG,nothing,FvXfjunfdz,"FvXfjunfdG
"
290,vgOpS,Output: VgOpS,nothing,vgOpz,"VgOpS
"
291,OymRgaiYmknP,Output : OymRgaiYmknP,nothing,OymRgaiYmknz,"OymRgaiYmknP
"
292,NWEMOC,Output: Nwemoc,nothing,NWEMOz,"NWEMOC
"
293,wARQRJkxQ,Output : WARQRJkxQ,nothing,wARQRJkxz,"WARQRJkxQ
"
294,frTffySf,Output : FrTffySf,nothing,frTffySz,"FrTffySf
"
295,fdLyffnf,Output : FdLyffnf,nothing,fdLyffnz,"FdLyffnf
"
296,zcvNDxOdyOHIjSi,Output : ZcvNDxOdyOHIjSi,nothing,zcvNDxOdyOHIjSz,"ZcvNDxOdyOHIjSi
"
297,BObQwYVn,Output : BOBQwYVn,nothing,BObQwYVz,"Bobqwyvn
"
298,MxekNzSNj,Output : MxekNzSNj,nothing,MxekNzSNz,"Mxeknzsnj
"
299,fffKtf,Output : FffKtf,nothing,fffKtz,"Fffktf
"
300,iQbwPWKKfrozEo,Output : IQbwPWKKfrozEo,nothing,iQbwPWKKfrozEz,"IQbwPWKKfrozEo
"
301,BMvoreRXQ,Output : UMvoreRXQ,nothing,BMvoreRXz,"BMvoreRXQ
"
302,AmfiGoCOrsjyMbo,Output: AmfiGoCOrsjyMbo,nothing,AmfiGoCOrsjyMbz,"AmfiGoCOrsjyMbo
"
303,HiouNuUmTy,Output : HiounuUmTy,nothing,HiouNuUmTz,"Hiounuumty
"
304,ggaxRgg,Output: GgaxRgg,nothing,ggaxRgz,"GgaxRgg
"
305,ZiOuOBTfqky,Output : ZiOuOBTfqkY,nothing,ZiOuOBTfqkz,"Ziouobtfqky
"
306,yDBMv,Output : YDBMv,nothing,yDBMz,"Ydbmv
"
307,VGkohvdYuW,Output : VGkohvdYuW,nothing,VGkohvdYuz,"VGkohvdYuW
"
308,javgGkWrnjdJFUb,Output : JavgGkWrnjdJFUb,nothing,javgGkWrnjdJFUz,"JavgGkWrnjdJFUb
"
309,pIKPWKRFqGKZyu,Output : PIKPWKRFqGKZyu,nothing,pIKPWKRFqGKZyz,"Pikpwkrfqgkzyu
"
310,eMpaPgC,Output : EMpaPgC,nothing,eMpaPgz,"Empapgc
"
311,ggNgqg,Output: GgNgqg,nothing,ggNgqz,"GgNgqg
"
312,lQxganOlvZZixH,Output : LQxganOlvZZixH,nothing,lQxganOlvZZixz,"LQxganOlvZZixH
"
313,wpKVKb,Output : WpKVKb,nothing,wpKVKz,"Wpkvkb.
"
314,VjuZviVjunrb,Output : UjuZviVjunrb,nothing,VjuZviVjunrz,"VjuZviVjunrb
"
315,xQgMVp,Output : XQgMVp,nothing,xQgMVz,"Xqgmvp
"
316,CulNPnZDn,Output : CulNPnZDn,nothing,CulNPnZDz,"CulNPnZDn
"
317,gBFWbfkrv,Output : GBFWbfkrv,nothing,gBFWbfkrz,"GBFWbfkrv
"
318,oLdLic,Output : OLdLic,nothing,oLdLiz,"OLdLic
"
319,Bggygggg,Output: Bggygggg,nothing,Bggygggz,"Bggygggg
"
320,SBYnZsr,Output : SBYnZsr,nothing,SBYnZsz,"Sbynzsr
"
321,fMOTNBuLQuZIZTp,Output : FMOTNBuLQuZIZTp,nothing,fMOTNBuLQuZIZTz,"Fmotnbulquziztp
"
322,ggggggfgggjgggN,Output: GgggggfgggjgggN,nothing,ggggggfgggjgggz,"GgggggfgggjgggN
"
323,ggggUgggOngz,Output : GgggUgggOngz,nothing,ggggUgggOngz,"Ggggugggongz
"
324,gOgrggsggGgggg,Output : GOgrggsggGgggg,nothing,gOgrggsggGgggz,"Gogrggsggggggg
"
325,UnAclDIZ,Output : UnAclDIZ,nothing,UnAclDIz,"UnAclDIZ
"
326,ggFRgggg,Output : GgFRgggg,nothing,ggFRgggz,"Ggfrgggg
"
327,gbgXggggUgglgg,Output : GbgXggggUgglgg,nothing,gbgXggggUgglgz,"Gbgxggggugglgg
"
328,ggggLhggbCgg,Output : GgggLhggbCgg,nothing,ggggLhggbCgz,"GggLhggbCgg
"
329,CgzAeiBl,Output : UgzAeiBl,nothing,CgzAeiBz,"CgzAeiBl
"
330,GWpvdBYZlAQK,Output : GWpvdBYZlAQK,nothing,GWpvdBYZlAQz,"GWpvdBYZlAQK
"
331,SQmggx,Output : SQmggx,nothing,SQmggz,"SQmGGX
"
332,gNsaAv,Output : GNsaAv,nothing,gNsaAz,"GNsaAv
"
333,QafQCkuEst,Output : QafQCkuEst,nothing,QafQCkuEsz,"QafQCkuEst
"
334,ggFPgggggSg,Output : GgFPgggggSg,nothing,ggFPgggggSz,"GgFPgggggSg
"
335,mGtwBwJukiHwFrq,Output : MGtwBwJukiHwFrq,nothing,mGtwBwJukiHwFrz,"MGtwBwJukiHwFrq
"
336,IHUIiwVFJ,Output : IHUIiwVFJ,nothing,IHUIiwVFz,"IHUIiwVFJ
"
337,feerBT,Output : FeerBT,nothing,feerBz,"FeerBT
"
338,kJGLPcKeGd,The word is: KJGLPcKeGd,nothing,kJGLPcKeGz,"Kjglpckegd
"
339,TVhVjzxlKitEFA,Output: TVhVjzxlKitEFA,nothing,TVhVjzxlKitEFz,"TVhVjzxlKitEFA
"
340,mLNflQXPuwYOqsb,Output : MLNflQXPuwYOqsb,nothing,mLNflQXPuwYOqsz,"MLNflQXPuwYOqsb
"
341,KjgzgggXgg,Output : KjgzgggXgg (since the first letter is already uppercase),nothing,KjgzgggXgz,"KjgzgggXgg
"
342,RiBxIzECm,Output : RiBxIzECm,nothing,RiBxIzECz,"Ribxizecm
"
343,lpPiNuK,Output: LpPiNuK,nothing,lpPiNuz,"LpPiNuK
"
344,lBNjTZBudFbRvEi,Output : LBNjTZBudFbRvEi,nothing,lBNjTZBudFbRvEz,"Lbnjtzbudfbrvei
"
345,IkhwHfdSw,Output : IkhwHfdSw,nothing,IkhwHfdSz,"IkhwHfdSw
"
346,gxUagYXGDKPQhtK,Output : GxUagYXGDKPQhtK,nothing,gxUagYXGDKPQhtz,"GxUagYXGDKPQhtK
"
347,HKUUB,Output: HKUUB,nothing,HKUUz,"Hkuub
"
348,vcgKImSzGKJGVd,Output : VcgKImSzGKJGVd,nothing,vcgKImSzGKJGVz,"Vcgkimszgkjgvd
"
349,PebNJHwTlRokYG,Output : PebNJHwTlRokYG,nothing,PebNJHwTlRokYz,"PebNJHwTlRokYG
"
350,buqNOe,The output is: BuqNOe,nothing,buqNOz,"BuqNOe
"
351,CgjYFEftHIx,Output : UgjYFEftHIx,nothing,CgjYFEftHIz,"CgjYFEftHIx
"
352,xIpDSSCguN,Output : XIpDSSCguN,nothing,xIpDSSCguz,"XIpDSSCguN
"
353,chhhhFZhhh,Output : ChhhhFZhhh,nothing,chhhhFZhhz,"ChhhhFZhhh
"
354,lyzGdXPAo,Output : LyzGdXPAo,nothing,lyzGdXPAz,"Lyzgdxpao
"
355,ohIh,Output : OhIh,nothing,ohIz,"OhIh
"
356,abJQVyyrBlNgZDv,Output : AbJQVyyrBlNgZDv,nothing,abJQVyyrBlNgZDz,"Abjqvyyrblngzdv
"
357,hhhhZKhh,Output : HhhhZKhh,nothing,hhhhZKhz,"HhhhZKhh
"
358,gafMzpRpffzzNw,Output : GafMzpRpffzzNw,nothing,gafMzpRpffzzNz,"Gafmzprpffzznw
"
359,hSwhS,Output: HSwhS,nothing,hSwhz,"HSwhS
"
360,DLQBlVkVObNrO,Output: DlQBlVkVObNrO,nothing,DLQBlVkVObNrz,"DLQBlVkVObNrO
"
361,oyiXPdeU,Output : OyiXPdeU,nothing,oyiXPdez,"OyiXPdeU
"
362,ADfkWTZFo,Output : ADfkWTZFo,nothing,ADfkWTZFz,"ADfkWTZFo
"
363,fjgQlJTDztOmk,Output : FjgQlJTDztOmk,nothing,fjgQlJTDztOmz,"Fjgqljtdztomk
"
364,cNLZDPyOTLB,Output : CNLZDPyOTLB,nothing,cNLZDPyOTLz,"CNLZDPyOTLB
"
365,SHIkEBCq,Output : SHIkEBCq,nothing,SHIkEBCz,"Shikebcq
"
366,hPhhhfhhg,The output is: HPhhhfhhg,nothing,hPhhhfhhz,"HPhhhfhhg
"
367,auiqs,Output : Auiqs,nothing,auiqz,"Auiqs
"
368,fcKwrlJ,Output : FcKwrlJ,nothing,fcKwrlz,"FcKwrlJ
"
369,kEtGCDB,Output: KEtGCDB,nothing,kEtGCDz,"KEtGCDB
"
370,fKOZSykTXcFumzv,Output : FKOZSykTXcFumzv,nothing,fKOZSykTXcFumzz,"FKOZSykTXcFumzv
"
371,QhhhhhWhhnhhh,Output : QhhhhhWhhnhhh,nothing,QhhhhhWhhnhhz,"Qhhhhhwhhnhhh
"
372,CXDQz,Output : UXDQz,nothing,CXDQz,"Hello
"
373,yzNhhqhhhh,Output : YzNhhqhhhh,nothing,yzNhhqhhhz,"YzNhhqhhhh
"
374,ogzzYBMOeNuulpq,Output : OgzzYBMOeNuulpq,nothing,ogzzYBMOeNuulpz,"OgzzYBMOeNuulpq
"
375,etkrd,Output: Etkrd,nothing,etkrz,"Etkrd
"
376,UeCTg,Output : UeCTg,nothing,UeCTz,"UeCTg
"
377,XwOiSgu,Output : XwOiSgu,nothing,XwOiSgz,"Xwoisgu
"
378,yFMVlBeQhfHKhv,Output : YFMVlBeQhfHKhv,nothing,yFMVlBeQhfHKhz,"YFMVlBeQhfHKhv
"
379,NPoErq,Output : NPoErq,nothing,NPoErz,"Npoerq
"
380,VBOPsyBMJHPYbk,Output : VBOPsyBMJHPYbk,nothing,VBOPsyBMJHPYbz,"Vbopsybmjhpybk
"
381,PHslwAnzTUwyog,Output : PHslwAnzTUwyog,nothing,PHslwAnzTUwyoz,"PHslwAnzTUwyog
"
382,thVVM,Output: ThVVM,nothing,thVVz,"ThVVM
"
383,heDhhh,Output: HeDhhh,nothing,heDhhz,"HeDhhh
"
384,swMLRT,Output : SwMLRT,nothing,swMLRz,"SwMLRT
"
385,IihTbYBNOJl,Output : IihTbYBNOJl,nothing,IihTbYBNOJz,"IihTbYBNOJl
"
386,mDtnqF,Output : MDtnqF,nothing,mDtnqz,"MDtnqF
"
387,CbYdE,Output : CbYdE,nothing,CbYdz,"CbYdE
"
388,QMRgKl,Output : QMRgKl (since the first letter is already uppercase),nothing,QMRgKz,"Qmrgkl
"
389,fAGbL,Output : FAGbL,nothing,fAGbz,"Fagbl
"
390,JeRfhZhA,Output : JeRfhZhA,nothing,JeRfhZhz,"JeRfhZhA
"
391,AmZgVklOluggdI,Output : AmZgVklOluggdI,nothing,AmZgVklOluggdz,"AmZgVklOluggdI
"
392,yxDYEDqHTL,Output : YxDYEDqHTL,nothing,yxDYEDqHTz,"YxDYEDqHTL
"
393,hhDp,Output: HhDp,nothing,hhDz,"Hhdp
"
394,CwUTjm,Output : CwUTjm,nothing,CwUTjz,"CwUTjm
"
395,DQvFcbiI,Output : DQvFcbiI,nothing,DQvFcbiz,"DQvFcbiI
"
396,hhhxhhdDhhhhh,Output: HhhxhhdDhhhhh,nothing,hhhxhhdDhhhhz,"Hhhxhhddhhhhh
"
397,WuXAmT,Output : WuXAmT,nothing,WuXAmz,"Wuxamt
"
398,DSyIZcNn,Output : DSyIZcNn,nothing,DSyIZcNz,"DSyIZcNn
"
399,mbeZhZvVBXQBBJN,Output : MbeZhZvVBXQBBJN,nothing,mbeZhZvVBXQBBJz,"MbeZhZvVBXQBBJN
"
400,giHi,Output : GiHi,nothing,giHz,"GiHi
"
401,kxiXpMnRZBLR,Output : KxiXpMnRZBLR,nothing,kxiXpMnRZBLz,"KxiXpMnRZBLR
"
402,iYOxZxYRUnuo,Output: IYOxZxYRUnuo,nothing,iYOxZxYRUnuz,"IYOxZxYRUnuo
"
403,uDSVhNSb,Output: UDSVhNSb,nothing,uDSVhNSz,"Udsvhnsb
"
404,saLvfmR,Output : SaLvfmR,nothing,saLvfmz,"Salvfmr
"
405,akFqUx,Output : AkFqUx,nothing,akFqUz,"Akfqux
"
406,YObVHeMDEnwJqZ,Output : YObVHeMDEnwJqZ,nothing,YObVHeMDEnwJqz,"Yobvhemdenwjqz
"
407,NArhsylMD,Output : NArhsylMD,nothing,NArhsylMz,"Narhsylmd
"
408,wMHVX,Output : WMHVX,nothing,wMHVz,"WMHVX
"
409,iiiCiiiwiipE,Output : IIICiiiwiipE,nothing,iiiCiiiwiipz,"Iiiciiiwiipe
"
410,KpxFzhlQhowyk,Output : KpxFzhlQhowyk,nothing,KpxFzhlQhowyz,"KpxFzhlQhowyk
"
411,LtYXAqz,Output : LtYXAqz (since the first letter is already uppercase),nothing,LtYXAqz,"Ltyxaqz
"
412,qPzwoTZXc,Output : QPzwoTZXc,nothing,qPzwoTZXz,"QPzwoTZXc
"
413,LTLqmZZLL,Output : LTLqmZZLL (since the first letter is already uppercase),nothing,LTLqmZZLz,"LTLqmZZLL
"
414,yiiiVCsi,The output is: YiiiVCsi,nothing,yiiiVCsz,"Yiiivcsi
"
415,dQtxT,Output : DQtxT,nothing,dQtxz,"Dqtxt
"
416,yiATUCIIxQo,Output : YiATUCIIxQo,nothing,yiATUCIIxQz,"Yiatuciixqo
"
417,JSnaypIulFmsvy,Output : JSnaypIulFmsvy,nothing,JSnaypIulFmsvz,"JSnaypIulFmsvy
"
418,jdlTGbE,Output : JdlTGbE,nothing,jdlTGbz,"Jdltgbe
"
419,YjfAEqzark,Output : YjfAEqzark,nothing,YjfAEqzarz,"YjfAEqzark
"
420,iiiikMii,Output : IiiikMii,nothing,iiiikMiz,"Iiiikmii
"
421,gnqZB,Output : GnqZB,nothing,gnqZz,"GnqZB
"
422,uDYnqNsaKL,Output : UDYnqNsaKL,nothing,uDYnqNsaKz,"Udynqnsakl
"
423,GQCSroRcanebAU,Output : GQCSroRcanebAU,nothing,GQCSroRcanebAz,"Python
"
424,uriYirii,Output : UriYirii,nothing,uriYiriz,"UriYirii
"
425,ijQiiiiiiUiiNi,Output : IjQiiiiiiUiiNi,nothing,ijQiiiiiiUiiNz,"Ijqiiiiiiuiini
"
426,uZcdLOfbPPgJoe,Output : UZcdLOfbPPgJoe,nothing,uZcdLOfbPPgJoz,"UZcdLOfbPPgJoe
"
427,NCdTKmRnngv,Output : UCdTKmRnngv,nothing,NCdTKmRnngz,"NCdTKmRnngv
"
428,MArvBaWIzpL,Output : MARvBaWIzpL,nothing,MArvBaWIzpz,"MArvBaWIzpL
"
429,XjbbtseY,Output : XjbbtseY (since the first letter is already uppercase),nothing,Xjbbtsez,"XjbbtseY
"
430,dWaehhe,Output : DWaehhe,nothing,dWaehhz,"Dwaehhe
"
431,FMjGYbyvXjni,Output : FMjGYbyvXjni,nothing,FMjGYbyvXjnz,"FMjGYbyvXjni
"
432,ZuFzr,Output: ZuFzr,nothing,ZuFzz,"ZuFzr
"
433,tZQDwdRy,Output : TZQDwdRy,nothing,tZQDwdRz,"Tzqdwdry
"
434,hAcERZcRcVGls,Output : HAcERZcRcVGls,nothing,hAcERZcRcVGlz,"Hacerzcrcvgls
"
435,GRETefnNA,Output : GRETefnNA,nothing,GRETefnNz,"GRETefnNA
"
436,Biiiiiiuiiiniii,Output : Biiiiiiuiiiniii,nothing,Biiiiiiuiiiniiz,"Biiiiiiuiiiniii
"
437,EiaqOOX,Output : UiaqOOX,nothing,EiaqOOz,"EiaqOOX
"
438,iiiiivfi,Output: Iiiiivfi,nothing,iiiiivfz,"Iiiiivfi
"
439,xYJIDqnFoZzc,Output : XYJIDqnFoZzc,nothing,xYJIDqnFoZzz,"XYJIDqnFoZzc
"
440,iyMiyii,Output : IyMiyii,nothing,iyMiyiz,"IyMiyii
"
441,laoRK,Output: LaoRK,nothing,laoRz,"LaoRK
"
442,tseQrJeExvkI,Output : TseQrJeExvkI,nothing,tseQrJeExvkz,"TseQrJeExvkI
"
443,hWsXbKsTVumsxpg,Output : HWsXbKsTVumsxpg,nothing,hWsXbKsTVumsxpz,"Hwsxbkstvumsxpg
"
444,vKVNRksZCCN,Output : VKVNRksZCCN,nothing,vKVNRksZCCz,"VKVNRksZCCN
"
445,BQOHKb,Output : BQOHKB,nothing,BQOHKz,"BQOHKb
"
446,kVtYe,Output: KVtYe,nothing,kVtYz,"KVtYe
"
447,RCAhSeOADgohwP,Output : UCAhSeOADgohwP,nothing,RCAhSeOADgohwz,"RCAhSeOADgohwP
"
448,VcLlMqhLv,Output : VcLlMqhLv,nothing,VcLlMqhLz,"Vcllmqhlv
"
449,OLyGAaSFmvpRc,Output : OLyGAaSFmvpRc,nothing,OLyGAaSFmvpRz,"OLyGAaSFmvpRc
"
450,lUlcWbrEXHtpFw,Output : LUlcWbrEXHtpFw,nothing,lUlcWbrEXHtpFz,"Lulcwbrexhtpfw
"
451,fiYnWjbRS,Output : FiYnWjbRS,nothing,fiYnWjbRz,"FiYnWjbRS
"
452,KGTffkEiapX,Output : KGTffkEiapX,nothing,KGTffkEiapz,"KGTffkEiapX
"
453,jjjjjjlJjjrjjjj,Output: JjjjjjlJjjrjjjj,nothing,jjjjjjlJjjrjjjz,"Jjjjjjljjjrjjjj
"
454,CqZytNVUyD,Output : CqZytNVUyD,nothing,CqZytNVUyz,"CqZytNVUyD
"
455,HRDWrHMUUestJV,Output: HRDWrHMUUestJV (no change as the first letter is already uppercase),nothing,HRDWrHMUUestJz,"HRDWrHMUUestJV
"
456,opovOgygtdpc,Output : OpovOgygtdpc,nothing,opovOgygtdpz,"Opovogygtdpc
"
457,uIpSspYlqn,Output : UIpSspYlqn,nothing,uIpSspYlqz,"Uipsspylqn
"
458,CIGxIklkES,Output : CIGxIklkES,nothing,CIGxIklkEz,"Cigxiklkes
"
459,CAuDLLAfEFRv,Output : CAuDLLAfEFRv,nothing,CAuDLLAfEFRz,"Caudllafefrv
"
460,Qjjkjj,Output: Qjjkjj,nothing,Qjjkjz,"Qjjkjj
"
461,rXlRtNeUkPVPVl,Output: RXlRtNeUkPVPVl,nothing,rXlRtNeUkPVPVz,"RXlRtNeUkPVPVl
"
462,jjjjyjjgjxjjj,Output : Jjjjyjjgjxjjj,nothing,jjjjyjjgjxjjz,"Jjjjyjjgjxjjj
"
463,LdqyNKaTI,Output : LdqyNKaTI,nothing,LdqyNKaTz,"LdqyNKaTI
"
464,jajdajjjaj,Output: Jajdajjjaj,nothing,jajdajjjaz,"Jajdajjjaj
"
465,UUrRLQmN,Output : UUrRLQmN,nothing,UUrRLQmz,"Uurrlqmn
"
466,yJPasN,Output : YJPasN,nothing,yJPasz,"YJPasN
"
467,jjcjOjWjjCjj,Output : JjcjOjWjjCjj,nothing,jjcjOjWjjCjz,"Jjcjojwjjcjj
"
468,xPjEvEaR,Output: XPjEvEaR,nothing,xPjEvEaz,"XPjEvEaR
"
469,jjjjAqjijjDj,Output : JJjjAqjijjDj,nothing,jjjjAqjijjDz,"Jjjjaqjijjdj
"
470,uaOVGPD,Output : UaOVGPD,nothing,uaOVGPz,"Uaovgpd
"
471,RjjRjj,Output : RjjRjj (since the first letter is already uppercase),nothing,RjjRjz,"RjjRjj
"
472,vTEiv,Output: VTEiv,nothing,vTEiz,"Vteiv
"
473,PwNIyXkVHis,Output : PwNIyXkVHis,nothing,PwNIyXkVHiz,"PwNIyXkVHis
"
474,rzLSrsoXTSquMlc,Output : RzLSrsoXTSquMlc,nothing,rzLSrsoXTSquMlz,"RzLSrsoXTSquMlc
"
475,zjjjOjjj,Output: ZjjjOjjj,nothing,zjjjOjjz,"ZjjjOjjj
"
476,nldIxX,Output : NldIxX,nothing,nldIxz,"NldIxX
"
477,NGURCFx,Output : NGURCFx (since the first letter is already uppercase),nothing,NGURCFz,"Ngurcfx
"
478,IpEJpOaD,Output : UpEJpOaD,nothing,IpEJpOaz,"IpEJpOaD
"
479,gqHVzjJGQJr,Output : GqHVzjJGQJr,nothing,gqHVzjJGQJz,"Gqhvzjjgqjr
"
480,jjKjkjjjAPjj,The word is: JjKjkjjjAPjj,nothing,jjKjkjjjAPjz,"Jjkjkjjjapjj
"
481,jjjhjjjY,Output : JjjhjjjY,nothing,jjjhjjjz,"Jjjhjjjy
"
482,gjjjjjjjrjjj,Output : Gjjjjjjjrjjj,nothing,gjjjjjjjrjjz,"Gjjjjjjjrjjj
"
483,jwdFFFX,Output : JwdFFFX,nothing,jwdFFFz,"JwdFFFX
"
484,zLnRVN,Output: ZLnRVN,nothing,zLnRVz,"Zlnrvn
"
485,MGisayxr,Output : MGisayxr,nothing,MGisayxz,"MGisayxr
"
486,vJjry,Output : VJjry,nothing,vJjrz,"VJjry
"
487,ZPvohDSUhy,Output : ZPvohDSUhy,nothing,ZPvohDSUhz,"ZPvohDSUhy
"
488,odPjjM,Output : OdPjjM,nothing,odPjjz,"OdPjjM
"
489,qIpyccCwmtZR,Output : QIpyccCwmtZR,nothing,qIpyccCwmtZz,"QIpyccCwmtZR
"
490,PjjI,Output : PjjI,nothing,Pjjz,"PjjI
"
491,jxLysmUtR,Output: JxLysmUtR,nothing,jxLysmUtz,"JxLysmUtR
"
492,aIepKzt,Output : AIepKzt,nothing,aIepKzz,"Aiepkzt
"
493,DRpMsRj,Output : DRpMsRj,nothing,DRpMsRz,"DRpMsRj
"
494,IJyCeHusgPxI,Output : IJyCeHusgPxI,nothing,IJyCeHusgPxz,"IJyCeHusgPxI
"
495,CKDRtx,Output : CKDRtx (since the first letter is already uppercase),nothing,CKDRtz,"Ckdrtx
"
496,xkPcdzkNxxDlU,Output : XkPcdzkNxxDlU,nothing,xkPcdzkNxxDlz,"XkPcdzkNxxDlU
"
497,myLWc,Output: MyLWc,nothing,myLWz,"MyLWc
"
498,jjjqjxjjZjjjJj,Output : JjjqjxjjZjjjJj,nothing,jjjqjxjjZjjjJz,"JjjqjxjjZjjjJj
"
499,GEBvolQmspVozw,Output : GEBvolQmspVozw,nothing,GEBvolQmspVozz,"Gebvolqmspvozw
"
